ZONE,BELOW_ZONE
CRZ001,CRZ006
CRZ003,CRZ004
CRZ004,CRZ005
CRZ006,CRZ091
CRZ007,CRZ008
CRZ008,CRZ009
CRZ009,CRZ010
CRZ010,CRZ011
CRZ011,CRZ012
CRZ012,CRZ013
CRZ013,CRZ014
CRZ014,CRZ015
CRZ015,CRZ016
CRZ016,CRZ017
CRZ017,CRZ018
CRZ018,CRZ019
CRZ019,CRZ020
CRZ020,CRZ021
CRZ021,CRZ024
CRZ022,CRZ194
CRZ024,CRZ025
CRZ025,CRZ026
CRZ026,CRZ027
CRZ027,CRZ028
CRZ028,CRZ029
CRZ029,CRZ030
CRZ030,CRZ031
CRZ031,CRZ032
CRZ032,CRZ033
CRZ033,CRZ034
CRZ034,CRZ035
CRZ035,CRZ036
CRZ036,CRZ037
CRZ037,CRZ038
CRZ038,CRZ039
CRZ039,CRZ040
CRZ040,CRZ041
CRZ041,CRZ042
CRZ042,CRZ043
CRZ043,CRZ044
CRZ044,CRZ045
CRZ045,CRZ046
CRZ046,CRZ047
CRZ047,CRZ048
CRZ048,CRZ049
CRZ049,CRZ055
CRZ050,CRZ051
CRZ051,CRZ052
CRZ052,CRZ053
CRZ053,CRZ054
CRZ054,CRZ288
CRZ055,CRZ056
CRZ056,CRZ057
CRZ057,CRZ058
CRZ058,CRZ059
CRZ059,CRZ060
CRZ060,CRZ061
CRZ061,CRZ062
CRZ062,CRZ307
CRZ063,CRZ064
CRZ071,CRZ319
CRZ072,CRZ371
CRZ073,CRZ074
CRZ074,CRZ075
CRZ075,CRZ076
CRZ076,CRZ077
CRZ077,CRZ078
CRZ078,CRZ079
CRZ079,CRZ080
CRZ080,CRZ341
CRZ081,CRZ082
CRZ082,CRZ083
CRZ083,CRZ084
CRZ084,CRZ085
CRZ085,CRZ086
CRZ086,CRZ087
CRZ087,CRZ088
CRZ088,CRZ089
CRZ089,CRZ355
CRZ090,CRZ388
CRZ091,CRZ092
CRZ092,CRZ093
CRZ093,CRZ094
CRZ094,CRZ095
CRZ095,CRZ096
CRZ096,CRZ097
CRZ097,CRZ098
CRZ098,CRZ099
CRZ099,CRZ100
CRZ100,CRZ102
CRZ101,CRZ103
CRZ102,CRZ104
CRZ103,CRZ105
CRZ104,CRZ109
CRZ105,CRZ106
CRZ106,CRZ107
CRZ107,CRZ108
CRZ108,CRZ113
CRZ109,CRZ110
CRZ110,CRZ111
CRZ111,CRZ112
CRZ112,CRZ196
CRZ113,CRZ108
CRZ114,CRZ115
CRZ115,CRZ185
CRZ116,CRZ022
CRZ117,CRZ118
CRZ118,CRZ119
CRZ119,CRZ120
CRZ120,CRZ121
CRZ121,CRZ122
CRZ122,CRZ123
CRZ123,CRZ124
CRZ124,CRZ125
CRZ125,CRZ126
CRZ126,CRZ127
CRZ127,CRZ128
CRZ128,CRZ129
CRZ129,CRZ130
CRZ130,CRZ131
CRZ131,CRZ132
CRZ132,CRZ133
CRZ133,CRZ134
CRZ134,CRZ135
CRZ135,CRZ136
CRZ136,CRZ137
CRZ137,CRZ138
CRZ138,CRZ139
CRZ139,CRZ140
CRZ140,CRZ141
CRZ141,CRZ142
CRZ142,CRZ143
CRZ143,CRZ144
CRZ144,CRZ145
CRZ145,CRZ146
CRZ146,CRZ147
CRZ147,CRZ148
CRZ148,CRZ149
CRZ149,CRZ150
CRZ150,CRZ151
CRZ151,CRZ152
CRZ152,CRZ153
CRZ153,CRZ154
CRZ154,CRZ155
CRZ155,CRZ156
CRZ156,CRZ402
CRZ157,CRZ158
CRZ158,CRZ159
CRZ159,CRZ160
CRZ160,CRZ161
CRZ161,CRZ162
CRZ162,CRZ163
CRZ163,CRZ164
CRZ164,CRZ165
CRZ165,CRZ166
CRZ166,CRZ167
CRZ167,CRZ168
CRZ168,CRZ171
CRZ169,CRZ791
CRZ169,CRZ480
CRZ170,CRZ791
CRZ170,CRZ494
CRZ171,CRZ791
CRZ171,CRZ495
CRZ172,CRZ791
CRZ172,CRZ549
CRZ173,CRZ174
CRZ174,CRZ175
CRZ175,CRZ176
CRZ176,CRZ177
CRZ177,CRZ178
CRZ178,CRZ179
CRZ179,CRZ180
CRZ180,CRZ181
CRZ181,CRZ182
CRZ182,CRZ183
CRZ183,CRZ184
CRZ184,CRZ791
CRZ184,CRZ172
CRZ185,CRZ186
CRZ186,CRZ187
CRZ187,CRZ188
CRZ188,CRZ189
CRZ189,CRZ190
CRZ190,CRZ191
CRZ191,CRZ192
CRZ192,CRZ193
CRZ193,CRZ197
CRZ194,CRZ195
CRZ195,CRZ207
CRZ196,CRZ231
CRZ197,CRZ198
CRZ198,CRZ199
CRZ199,CRZ200
CRZ200,CRZ201
CRZ201,CRZ202
CRZ202,CRZ203
CRZ203,CRZ204
CRZ204,CRZ205
CRZ205,CRZ206
CRZ206,CRZ208
CRZ207,CRZ213
CRZ208,CRZ209
CRZ209,CRZ210
CRZ210,CRZ211
CRZ211,CRZ212
CRZ212,CRZ214
CRZ213,CRZ657
CRZ213,CRZ230
CRZ214,CRZ215
CRZ215,CRZ216
CRZ216,CRZ217
CRZ217,CRZ218
CRZ218,CRZ219
CRZ219,CRZ220
CRZ220,CRZ221
CRZ221,CRZ222
CRZ222,CRZ223
CRZ223,CRZ224
CRZ224,CRZ225
CRZ225,CRZ226
CRZ226,CRZ227
CRZ227,CRZ228
CRZ228,CRZ229
CRZ229,CRZ232
CRZ230,CRZ664
CRZ230,CRZ253
CRZ231,CRZ243
CRZ232,CRZ233
CRZ233,CRZ234
CRZ234,CRZ235
CRZ235,CRZ236
CRZ236,CRZ237
CRZ237,CRZ238
CRZ238,CRZ239
CRZ239,CRZ240
CRZ240,CRZ241
CRZ241,CRZ242
CRZ242,CRZ244
CRZ243,CRZ254
CRZ244,CRZ245
CRZ245,CRZ246
CRZ246,CRZ247
CRZ247,CRZ248
CRZ248,CRZ249
CRZ249,CRZ250
CRZ250,CRZ251
CRZ251,CRZ252
CRZ252,CRZ255
CRZ253,CRZ259
CRZ254,CRZ669
CRZ255,CRZ256
CRZ256,CRZ255
CRZ257,CRZ256
CRZ258,CRZ257
CRZ259,CRZ258
CRZ260,CRZ261
CRZ261,CRZ263
CRZ262,CRZ262
CRZ263,CRZ265
CRZ264,CRZ276
CRZ265,CRZ266
CRZ266,CRZ267
CRZ267,CRZ268
CRZ268,CRZ269
CRZ269,CRZ270
CRZ270,CRZ271
CRZ271,CRZ272
CRZ272,CRZ273
CRZ273,CRZ274
CRZ274,CRZ275
CRZ275,CRZ277
CRZ276,CRZ090
CRZ277,CRZ278
CRZ278,CRZ279
CRZ279,CRZ280
CRZ280,CRZ281
CRZ281,CRZ282
CRZ282,CRZ283
CRZ283,CRZ284
CRZ284,CRZ285
CRZ285,CRZ286
CRZ286,CRZ287
CRZ288,CRZ289
CRZ289,CRZ290
CRZ290,CRZ291
CRZ291,CRZ292
CRZ292,CRZ293
CRZ293,CRZ294
CRZ294,CRZ295
CRZ295,CRZ296
CRZ296,CRZ297
CRZ297,CRZ298
CRZ298,CRZ299
CRZ299,CRZ300
CRZ300,CRZ301
CRZ301,CRZ302
CRZ302,CRZ303
CRZ303,CRZ304
CRZ304,CRZ305
CRZ305,CRZ306
CRZ306,CRZ725
CRZ307,CRZ308
CRZ308,CRZ309
CRZ309,CRZ310
CRZ310,CRZ311
CRZ311,CRZ312
CRZ312,CRZ313
CRZ313,CRZ314
CRZ314,CRZ315
CRZ315,CRZ316
CRZ316,CRZ317
CRZ317,CRZ318
CRZ318,CRZ612
CRZ319,CRZ320
CRZ320,CRZ321
CRZ321,CRZ322
CRZ322,CRZ323
CRZ323,CRZ324
CRZ324,CRZ325
CRZ325,CRZ326
CRZ326,CRZ327
CRZ327,CRZ328
CRZ328,CRZ329
CRZ329,CRZ330
CRZ330,CRZ331
CRZ331,CRZ332
CRZ332,CRZ333
CRZ333,CRZ334
CRZ334,CRZ335
CRZ335,CRZ336
CRZ336,CRZ337
CRZ337,CRZ338
CRZ338,CRZ339
CRZ339,CRZ340
CRZ340,CRZ421
CRZ341,CRZ342
CRZ342,CRZ343
CRZ343,CRZ344
CRZ344,CRZ345
CRZ345,CRZ346
CRZ346,CRZ347
CRZ347,CRZ348
CRZ348,CRZ349
CRZ349,CRZ350
CRZ350,CRZ351
CRZ351,CRZ353
CRZ352,CRZ352
CRZ353,CRZ354
CRZ355,CRZ356
CRZ356,CRZ357
CRZ357,CRZ358
CRZ358,CRZ359
CRZ359,CRZ360
CRZ360,CRZ361
CRZ361,CRZ362
CRZ362,CRZ363
CRZ363,CRZ364
CRZ364,CRZ365
CRZ365,CRZ366
CRZ366,CRZ367
CRZ367,CRZ368
CRZ368,CRZ369
CRZ369,CRZ370
CRZ370,CRZ407
CRZ371,CRZ372
CRZ372,CRZ373
CRZ373,CRZ374
CRZ374,CRZ375
CRZ375,CRZ376
CRZ376,CRZ377
CRZ377,CRZ378
CRZ378,CRZ379
CRZ379,CRZ380
CRZ380,CRZ381
CRZ381,CRZ382
CRZ382,CRZ383
CRZ383,CRZ384
CRZ384,CRZ385
CRZ385,CRZ386
CRZ386,CRZ387
CRZ387,CRZ392
CRZ388,CRZ389
CRZ389,CRZ390
CRZ390,CRZ391
CRZ391,CRZ398
CRZ392,CRZ393
CRZ393,CRZ394
CRZ394,CRZ395
CRZ395,CRZ396
CRZ396,CRZ397
CRZ397,CRZ399
CRZ398,CRZ400
CRZ399,CRZ405
CRZ400,CRZ404
CRZ401,CRZ403
CRZ402,CRZ157
CRZ404,CRZ408
CRZ405,CRZ406
CRZ406,CRZ409
CRZ407,CRZ417
CRZ408,CRZ412
CRZ409,CRZ410
CRZ410,CRZ411
CRZ411,CRZ414
CRZ412,CRZ413
CRZ413,CRZ416
CRZ414,CRZ415
CRZ415,CRZ419
CRZ416,CRZ430
CRZ417,CRZ418
CRZ418,CRZ429
CRZ419,CRZ428
CRZ420,CRZ422
CRZ423,CRZ425
CRZ424,CRZ442
CRZ425,CRZ426
CRZ426,CRZ460
CRZ427,CRZ447
CRZ428,CRZ431
CRZ429,CRZ423
CRZ430,CRZ440
CRZ431,CRZ432
CRZ432,CRZ433
CRZ433,CRZ434
CRZ434,CRZ435
CRZ435,CRZ441
CRZ436,CRZ437
CRZ437,CRZ438
CRZ438,CRZ439
CRZ439,CRZ450
CRZ440,CRZ445
CRZ441,CRZ443
CRZ442,CRZ427
CRZ443,CRZ446
CRZ444,CRZ451
CRZ445,CRZ456
CRZ446,CRZ448
CRZ447,CRZ459
CRZ448,CRZ449
CRZ449,CRZ458
CRZ450,CRZ453
CRZ451,CRZ452
CRZ452,CRZ455
CRZ453,CRZ454
CRZ454,CRZ464
CRZ455,CRZ462
CRZ456,CRZ457
CRZ457,CRZ465
CRZ458,CRZ461
CRZ459,CRZ482
CRZ460,CRZ490
CRZ461,CRZ468
CRZ462,CRZ463
CRZ463,CRZ466
CRZ464,CRZ467
CRZ465,CRZ476
CRZ466,CRZ467
CRZ467,CRZ475
CRZ468,CRZ477
CRZ469,CRZ470
CRZ470,CRZ471
CRZ471,CRZ472
CRZ472,CRZ473
CRZ473,CRZ474
CRZ474,CRZ170
CRZ475,CRZ479
CRZ476,CRZ478
CRZ477,CRZ492
CRZ478,CRZ481
CRZ479,CRZ169
CRZ480,CRZ494
CRZ481,CRZ493
CRZ482,CRZ491
CRZ483,CRZ484
CRZ484,CRZ485
CRZ485,CRZ486
CRZ486,CRZ487
CRZ487,CRZ488
CRZ488,CRZ796
CRZ488,CRZ503
CRZ489,CRZ796
CRZ489,CRZ504
CRZ490,CRZ796
CRZ490,CRZ505
CRZ491,CRZ506
CRZ492,CRZ609
CRZ493,CRZ498
CRZ494,CRZ791
CRZ494,CRZ497
CRZ495,CRZ547
CRZ496,CRZ541
CRZ497,CRZ791
CRZ497,CRZ496
CRZ498,CRZ508
CRZ499,CRZ502
CRZ500,CRZ799
CRZ500,CRZ510
CRZ501,CRZ801
CRZ501,CRZ511
CRZ502,CRZ801
CRZ502,CRZ519
CRZ503,CRZ799
CRZ503,CRZ501
CRZ504,CRZ801
CRZ504,CRZ509
CRZ505,CRZ801
CRZ505,CRZ512
CRZ506,CRZ801
CRZ506,CRZ507
CRZ507,CRZ801
CRZ507,CRZ518
CRZ508,CRZ521
CRZ509,CRZ512
CRZ510,CRZ799
CRZ510,CRZ514
CRZ511,CRZ515
CRZ512,CRZ516
CRZ513,CRZ800
CRZ513,CRZ570
CRZ514,CRZ804
CRZ515,CRZ801
CRZ515,CRZ569
CRZ516,CRZ801
CRZ516,CRZ593
CRZ517,CRZ801
CRZ517,CRZ568
CRZ518,CRZ517
CRZ519,CRZ567
CRZ520,CRZ532
CRZ521,CRZ520
CRZ522,CRZ525
CRZ523,CRZ531
CRZ524,CRZ562
CRZ525,CRZ533
CRZ526,CRZ534
CRZ527,CRZ535
CRZ528,CRZ536
CRZ529,CRZ537
CRZ530,CRZ538
CRZ531,CRZ563
CRZ532,CRZ808
CRZ533,CRZ808
CRZ534,CRZ808
CRZ534,CRZ590
CRZ535,CRZ808
CRZ536,CRZ808
CRZ536,CRZ591
CRZ537,CRZ808
CRZ538,CRZ808
CRZ538,CRZ592
CRZ539,CRZ803
CRZ539,CRZ564
CRZ540,CRZ803
CRZ540,CRZ565
CRZ541,CRZ542
CRZ542,CRZ522
CRZ543,CRZ524
CRZ544,CRZ539
CRZ545,CRZ523
CRZ546,CRZ803
CRZ546,CRZ566
CRZ547,CRZ543
CRZ548,CRZ544
CRZ549,CRZ802
CRZ549,CRZ553
CRZ550,CRZ802
CRZ550,CRZ556
CRZ551,CRZ802
CRZ551,CRZ552
CRZ552,CRZ802
CRZ552,CRZ557
CRZ553,CRZ802
CRZ553,CRZ554
CRZ554,CRZ802
CRZ554,CRZ555
CRZ555,CRZ802
CRZ555,CRZ540
CRZ556,CRZ802
CRZ557,CRZ802
CRZ557,CRZ546
CRZ558,CRZ802
CRZ559,CRZ802
CRZ560,CRZ802
CRZ560,CRZ559
CRZ561,CRZ802
CRZ561,CRZ560
CRZ562,CRZ526
CRZ563,CRZ527
CRZ564,CRZ528
CRZ565,CRZ529
CRZ566,CRZ530
CRZ567,CRZ589
CRZ569,CRZ579
CRZ570,CRZ804
CRZ570,CRZ578
CRZ571,CRZ805
CRZ571,CRZ577
CRZ572,CRZ805
CRZ572,CRZ575
CRZ573,CRZ574
CRZ574,CRZ805
CRZ575,CRZ805
CRZ575,CRZ576
CRZ576,CRZ805
CRZ577,CRZ805
CRZ577,CRZ580
CRZ578,CRZ805
CRZ578,CRZ581
CRZ579,CRZ807
CRZ579,CRZ582
CRZ580,CRZ805
CRZ580,CRZ586
CRZ581,CRZ805
CRZ581,CRZ585
CRZ582,CRZ584
CRZ583,CRZ568
CRZ584,CRZ588
CRZ585,CRZ806
CRZ585,CRZ587
CRZ586,CRZ807
CRZ587,CRZ807
CRZ588,CRZ807
CRZ590,CRZ808
CRZ591,CRZ808
CRZ592,CRZ808
CRZ593,CRZ583
CRZ594,CRZ595
CRZ595,CRZ799
CRZ595,CRZ572
CRZ596,CRZ598
CRZ597,CRZ799
CRZ597,CRZ571
CRZ598,CRZ799
CRZ598,CRZ513
CRZ599,CRZ600
CRZ600,CRZ601
CRZ601,CRZ602
CRZ602,CRZ603
CRZ603,CRZ604
CRZ604,CRZ605
CRZ605,CRZ606
CRZ606,CRZ796
CRZ606,CRZ597
CRZ607,CRZ796
CRZ607,CRZ596
CRZ608,CRZ796
CRZ608,CRZ500
CRZ609,CRZ796
CRZ609,CRZ499
CRZ610,CRZ607
CRZ611,CRZ608
CRZ612,CRZ613
CRZ613,CRZ614
CRZ614,CRZ615
CRZ615,CRZ616
CRZ616,CRZ617
CRZ617,CRZ618
CRZ618,CRZ619
CRZ619,CRZ620
CRZ620,CRZ756
CRZ620,CRZ621
CRZ621,CRZ622
CRZ622,CRZ777
CRZ625,CRZ626
CRZ626,CRZ627
CRZ627,CRZ628
CRZ628,CRZ641
CRZ629,CRZ634
CRZ631,CRZ632
CRZ632,CRZ635
CRZ633,CRZ636
CRZ634,CRZ639
CRZ635,CRZ640
CRZ636,CRZ637
CRZ637,CRZ638
CRZ638,CRZ669
CRZ639,CRZ644
CRZ640,CRZ657
CRZ641,CRZ642
CRZ642,CRZ643
CRZ643,CRZ646
CRZ644,CRZ645
CRZ645,CRZ648
CRZ646,CRZ647
CRZ647,CRZ652
CRZ648,CRZ649
CRZ649,CRZ650
CRZ650,CRZ651
CRZ651,CRZ809
CRZ652,CRZ654
CRZ654,CRZ655
CRZ655,CRZ659
CRZ656,CRZ658
CRZ657,CRZ664
CRZ658,CRZ666
CRZ659,CRZ660
CRZ660,CRZ661
CRZ661,CRZ662
CRZ662,CRZ663
CRZ663,CRZ665
CRZ664,CRZ674
CRZ665,CRZ670
CRZ666,CRZ667
CRZ667,CRZ675
CRZ669,CRZ671
CRZ670,CRZ672
CRZ671,CRZ683
CRZ672,CRZ678
CRZ674,CRZ684
CRZ675,CRZ676
CRZ676,CRZ677
CRZ677,CRZ692
CRZ678,CRZ680
CRZ680,CRZ682
CRZ682,CRZ685
CRZ683,CRZ705
CRZ684,CRZ722
CRZ685,CRZ693
CRZ692,CRZ696
CRZ693,CRZ694
CRZ694,CRZ700
CRZ696,CRZ697
CRZ697,CRZ699
CRZ699,CRZ718
CRZ700,CRZ701
CRZ701,CRZ702
CRZ702,CRZ701
CRZ703,CRZ703
CRZ703,CRZ707
CRZ705,CRZ706
CRZ706,CRZ723
CRZ707,CRZ716
CRZ716,CRZ717
CRZ717,CRZ719
CRZ718,CRZ813
CRZ719,CRZ720
CRZ720,CRZ730
CRZ722,CRZ801
CRZ723,CRZ791
CRZ724,CRZ725
CRZ725,CRZ729
CRZ729,CRZ814
CRZ730,CRZ732
CRZ732,CRZ735
CRZ735,CRZ742
CRZ738,CRZ746
CRZ742,CRZ744
CRZ744,CRZ745
CRZ745,CRZ753
CRZ746,CRZ747
CRZ747,CRZ748
CRZ748,CRZ749
CRZ749,CRZ750
CRZ750,CRZ751
CRZ751,CRZ752
CRZ752,CRZ754
CRZ753,CRZ755
CRZ754,CRZ756
CRZ755,CRZ763
CRZ756,CRZ757
CRZ757,CRZ764
CRZ763,CRZ765
CRZ764,CRZ772
CRZ765,CRZ767
CRZ767,CRZ773
CRZ772,CRZ777
CRZ773,CRZ781
CRZ777,CRZ778
CRZ778,CRZ780
CRZ780,CRZ778
CRZ781,CRZ786
CRZ783,CRZ784
CRZ784,CRZ787
CRZ786,CRZ791
CRZ787,CRZ788
CRZ788,CRZ796
CRZ791,CRZ802
CRZ796,CRZ797
CRZ797,CRZ799
CRZ799,CRZ800
CRZ800,CRZ817
CRZ801,CRZ807
CRZ802,CRZ818
CRZ803,CRZ808
CRZ804,CRZ805
CRZ805,CRZ806
CRZ806,CRZ807
CRZ809,CRZ656
CRZ810,CRZ811
CRZ811,CRZ812
CRZ812,CRZ629
CRZ813,CRZ724
CRZ814,CRZ738
CRZ815,CRZ808
CRZ817,CRZ805
CRZ818,CRZ803
MARZ004,MARZ001
