ZONE,LEFT_ZONE
CRZ003,CRZ006
CRZ004,CRZ091
CRZ005,CRZ092
CRZ006,CRZ002
CRZ019,CRZ018
CRZ020,CRZ019
CRZ021,CRZ020
CRZ022,CRZ017
CRZ055,CRZ051
CRZ062,CRZ054
CRZ063,CRZ055
CRZ066,CRZ052
CRZ068,CRZ053
CRZ072,CRZ089
CRZ073,CRZ063
CRZ074,CRZ056
CRZ075,CRZ057
CRZ076,CRZ058
CRZ077,CRZ059
CRZ078,CRZ060
CRZ079,CRZ062
CRZ079,CRZ061
CRZ080,CRZ071
CRZ081,CRZ073
CRZ082,CRZ064
CRZ083,CRZ065
CRZ084,CRZ066
CRZ085,CRZ067
CRZ086,CRZ068
CRZ087,CRZ069
CRZ088,CRZ070
CRZ089,CRZ080
CRZ090,CRZ072
CRZ091,CRZ007
CRZ092,CRZ008
CRZ096,CRZ009
CRZ099,CRZ010
CRZ100,CRZ011
CRZ103,CRZ102
CRZ106,CRZ012
CRZ109,CRZ108
CRZ110,CRZ113
CRZ111,CRZ114
CRZ113,CRZ013
CRZ118,CRZ187
CRZ121,CRZ200
CRZ122,CRZ203
CRZ123,CRZ206
CRZ126,CRZ218
CRZ129,CRZ226
CRZ131,CRZ240
CRZ135,CRZ254
CRZ136,CRZ258
CRZ138,CRZ265
CRZ140,CRZ271
CRZ143,CRZ049
CRZ144,CRZ081
CRZ145,CRZ082
CRZ147,CRZ085
CRZ148,CRZ086
CRZ149,CRZ088
CRZ150,CRZ377
CRZ150,CRZ350
CRZ151,CRZ351
CRZ152,CRZ384
CRZ153,CRZ391
CRZ154,CRZ393
CRZ156,CRZ398
CRZ157,CRZ406
CRZ158,CRZ614
CRZ159,CRZ411
CRZ160,CRZ619
CRZ160,CRZ418
CRZ161,CRZ420
CRZ162,CRZ431
CRZ163,CRZ621
CRZ164,CRZ622
CRZ168,CRZ479
CRZ169,CRZ481
CRZ170,CRZ480
CRZ171,CRZ170
CRZ172,CRZ171
CRZ173,CRZ159
CRZ176,CRZ428
CRZ177,CRZ185
CRZ179,CRZ164
CRZ181,CRZ439
CRZ183,CRZ461
CRZ184,CRZ168
CRZ185,CRZ116
CRZ187,CRZ015
CRZ188,CRZ016
CRZ189,CRZ023
CRZ190,CRZ021
CRZ197,CRZ194
CRZ198,CRZ195
CRZ205,CRZ026
CRZ207,CRZ027
CRZ216,CRZ029
CRZ226,CRZ034
CRZ229,CRZ035
CRZ231,CRZ232
CRZ232,CRZ230
CRZ234,CRZ036
CRZ236,CRZ037
CRZ238,CRZ038
CRZ240,CRZ039
CRZ243,CRZ244
CRZ247,CRZ041
CRZ252,CRZ043
CRZ254,CRZ255
CRZ255,CRZ253
CRZ258,CRZ259
CRZ259,CRZ044
CRZ261,CRZ045
CRZ265,CRZ264
CRZ267,CRZ048
CRZ274,CRZ083
CRZ275,CRZ084
CRZ276,CRZ076
CRZ278,CRZ077
CRZ279,CRZ078
CRZ280,CRZ079
CRZ281,CRZ090
CRZ282,CRZ371
CRZ287,CRZ389
CRZ310,CRZ296
CRZ318,CRZ306
CRZ319,CRZ289
CRZ320,CRZ308
CRZ322,CRZ295
CRZ323,CRZ310
CRZ324,CRZ297
CRZ327,CRZ299
CRZ330,CRZ301
CRZ332,CRZ302
CRZ334,CRZ303
CRZ340,CRZ318
CRZ341,CRZ288
CRZ342,CRZ307
CRZ343,CRZ290
CRZ344,CRZ291
CRZ345,CRZ292
CRZ346,CRZ293
CRZ347,CRZ294
CRZ347,CRZ309
CRZ348,CRZ322
CRZ349,CRZ323
CRZ350,CRZ311
CRZ351,CRZ300
CRZ352,CRZ305
CRZ353,CRZ315
CRZ354,CRZ340
CRZ355,CRZ341
CRZ356,CRZ342
CRZ357,CRZ343
CRZ358,CRZ344
CRZ359,CRZ345
CRZ360,CRZ346
CRZ361,CRZ347
CRZ361,CRZ381
CRZ362,CRZ348
CRZ363,CRZ349
CRZ366,CRZ313
CRZ367,CRZ333
CRZ368,CRZ304
CRZ369,CRZ339
CRZ370,CRZ354
CRZ371,CRZ355
CRZ372,CRZ320
CRZ373,CRZ321
CRZ374,CRZ362
CRZ376,CRZ324
CRZ377,CRZ325
CRZ378,CRZ326
CRZ379,CRZ327
CRZ380,CRZ328
CRZ381,CRZ330
CRZ382,CRZ331
CRZ383,CRZ332
CRZ383,CRZ357
CRZ384,CRZ358
CRZ384,CRZ353
CRZ385,CRZ337
CRZ385,CRZ359
CRZ386,CRZ352
CRZ386,CRZ360
CRZ387,CRZ370
CRZ388,CRZ356
CRZ389,CRZ361
CRZ390,CRZ375
CRZ390,CRZ363
CRZ391,CRZ387
CRZ399,CRZ612
CRZ400,CRZ399
CRZ403,CRZ404
CRZ404,CRZ405
CRZ407,CRZ613
CRZ408,CRZ409
CRZ409,CRZ407
CRZ413,CRZ618
CRZ415,CRZ616
CRZ416,CRZ417
CRZ422,CRZ424
CRZ423,CRZ422
CRZ428,CRZ429
CRZ429,CRZ421
CRZ436,CRZ435
CRZ439,CRZ440
CRZ440,CRZ441
CRZ441,CRZ442
CRZ443,CRZ427
CRZ444,CRZ445
CRZ445,CRZ446
CRZ446,CRZ447
CRZ450,CRZ449
CRZ452,CRZ460
CRZ453,CRZ456
CRZ454,CRZ457
CRZ455,CRZ454
CRZ456,CRZ458
CRZ458,CRZ459
CRZ465,CRZ468
CRZ466,CRZ465
CRZ469,CRZ467
CRZ474,CRZ475
CRZ475,CRZ476
CRZ476,CRZ477
CRZ478,CRZ482
CRZ479,CRZ478
CRZ480,CRZ485
CRZ481,CRZ484
CRZ482,CRZ483
CRZ485,CRZ600
CRZ489,CRZ488
CRZ490,CRZ489
CRZ491,CRZ490
CRZ492,CRZ491
CRZ493,CRZ492
CRZ494,CRZ493
CRZ495,CRZ494
CRZ498,CRZ499
CRZ500,CRZ598
CRZ501,CRZ597
CRZ502,CRZ501
CRZ503,CRZ500
CRZ504,CRZ503
CRZ505,CRZ504
CRZ506,CRZ505
CRZ508,CRZ506
CRZ511,CRZ510
CRZ512,CRZ511
CRZ514,CRZ513
CRZ515,CRZ514
CRZ516,CRZ515
CRZ517,CRZ516
CRZ518,CRZ512
CRZ519,CRZ518
CRZ520,CRZ519
CRZ521,CRZ507
CRZ522,CRZ509
CRZ525,CRZ568
CRZ526,CRZ525
CRZ527,CRZ526
CRZ528,CRZ527
CRZ529,CRZ528
CRZ530,CRZ529
CRZ531,CRZ524
CRZ533,CRZ532
CRZ534,CRZ533
CRZ535,CRZ534
CRZ536,CRZ535
CRZ537,CRZ536
CRZ538,CRZ537
CRZ539,CRZ531
CRZ540,CRZ539
CRZ541,CRZ508
CRZ542,CRZ502
CRZ543,CRZ523
CRZ543,CRZ542
CRZ544,CRZ543
CRZ545,CRZ521
CRZ547,CRZ541
CRZ548,CRZ547
CRZ549,CRZ548
CRZ550,CRZ549
CRZ551,CRZ550
CRZ552,CRZ553
CRZ553,CRZ544
CRZ554,CRZ545
CRZ556,CRZ555
CRZ557,CRZ556
CRZ558,CRZ557
CRZ559,CRZ558
CRZ560,CRZ554
CRZ561,CRZ552
CRZ562,CRZ567
CRZ563,CRZ562
CRZ564,CRZ563
CRZ565,CRZ564
CRZ566,CRZ565
CRZ569,CRZ570
CRZ570,CRZ571
CRZ571,CRZ572
CRZ572,CRZ573
CRZ575,CRZ574
CRZ577,CRZ576
CRZ578,CRZ577
CRZ579,CRZ578
CRZ581,CRZ580
CRZ582,CRZ581
CRZ583,CRZ584
CRZ584,CRZ599
CRZ584,CRZ585
CRZ587,CRZ586
CRZ588,CRZ587
CRZ589,CRZ588
CRZ590,CRZ589
CRZ591,CRZ590
CRZ592,CRZ591
CRZ593,CRZ582
CRZ596,CRZ594
CRZ598,CRZ595
CRZ607,CRZ602
CRZ607,CRZ603
CRZ608,CRZ607
CRZ609,CRZ608
CRZ611,CRZ601
CRZ617,CRZ615
CRZ625,CRZ006
CRZ625,CRZ093
CRZ625,CRZ094
CRZ625,CRZ091
CRZ625,CRZ005
CRZ625,CRZ092
CRZ625,CRZ007
CRZ625,CRZ003
CRZ625,CRZ004
CRZ625,CRZ008
CRZ625,CRZ002
CRZ625,CRZ001
CRZ626,CRZ097
CRZ627,CRZ098
CRZ627,CRZ010
CRZ628,CRZ011
CRZ628,CRZ100
CRZ631,CRZ629
CRZ631,CRZ013
CRZ632,CRZ634
CRZ633,CRZ639
CRZ633,CRZ014
CRZ633,CRZ186
CRZ635,CRZ015
CRZ635,CRZ016
CRZ636,CRZ635
CRZ636,CRZ021
CRZ636,CRZ017
CRZ636,CRZ019
CRZ636,CRZ023
CRZ636,CRZ022
CRZ636,CRZ018
CRZ636,CRZ020
CRZ636,CRZ189
CRZ636,CRZ188
CRZ637,CRZ190
CRZ638,CRZ191
CRZ640,CRZ644
CRZ641,CRZ111
CRZ641,CRZ114
CRZ641,CRZ110
CRZ641,CRZ108
CRZ641,CRZ109
CRZ641,CRZ113
CRZ642,CRZ185
CRZ642,CRZ116
CRZ642,CRZ115
CRZ642,CRZ117
CRZ642,CRZ118
CRZ642,CRZ112
CRZ643,CRZ638
CRZ643,CRZ119
CRZ646,CRZ644
CRZ646,CRZ196
CRZ646,CRZ194
CRZ646,CRZ197
CRZ647,CRZ195
CRZ647,CRZ024
CRZ647,CRZ198
CRZ647,CRZ199
CRZ652,CRZ651
CRZ652,CRZ205
CRZ652,CRZ204
CRZ652,CRZ026
CRZ654,CRZ651
CRZ654,CRZ208
CRZ654,CRZ206
CRZ654,CRZ207
CRZ654,CRZ123
CRZ654,CRZ027
CRZ655,CRZ209
CRZ655,CRZ210
CRZ655,CRZ211
CRZ655,CRZ124
CRZ659,CRZ657
CRZ659,CRZ214
CRZ660,CRZ658
CRZ660,CRZ126
CRZ660,CRZ218
CRZ660,CRZ217
CRZ660,CRZ216
CRZ660,CRZ030
CRZ661,CRZ658
CRZ661,CRZ219
CRZ662,CRZ658
CRZ662,CRZ222
CRZ663,CRZ226
CRZ663,CRZ034
CRZ663,CRZ129
CRZ665,CRZ244
CRZ665,CRZ243
CRZ665,CRZ132
CRZ665,CRZ040
CRZ669,CRZ667
CRZ670,CRZ255
CRZ670,CRZ135
CRZ670,CRZ253
CRZ670,CRZ254
CRZ671,CRZ046
CRZ672,CRZ257
CRZ674,CRZ675
CRZ674,CRZ045
CRZ678,CRZ675
CRZ678,CRZ044
CRZ678,CRZ261
CRZ678,CRZ260
CRZ678,CRZ258
CRZ678,CRZ136
CRZ678,CRZ259
CRZ680,CRZ137
CRZ680,CRZ263
CRZ682,CRZ266
CRZ682,CRZ267
CRZ682,CRZ048
CRZ683,CRZ677
CRZ683,CRZ268
CRZ684,CRZ692
CRZ685,CRZ692
CRZ685,CRZ271
CRZ685,CRZ140
CRZ685,CRZ270
CRZ693,CRZ692
CRZ693,CRZ141
CRZ693,CRZ272
CRZ694,CRZ143
CRZ694,CRZ273
CRZ694,CRZ142
CRZ694,CRZ050
CRZ694,CRZ049
CRZ697,CRZ083
CRZ697,CRZ084
CRZ700,CRZ697
CRZ700,CRZ073
CRZ700,CRZ055
CRZ700,CRZ051
CRZ700,CRZ144
CRZ700,CRZ081
CRZ700,CRZ063
CRZ701,CRZ697
CRZ701,CRZ145
CRZ701,CRZ056
CRZ701,CRZ074
CRZ701,CRZ082
CRZ701,CRZ064
CRZ702,CRZ697
CRZ702,CRZ275
CRZ702,CRZ076
CRZ702,CRZ057
CRZ702,CRZ075
CRZ702,CRZ277
CRZ702,CRZ065
CRZ702,CRZ077
CRZ702,CRZ085
CRZ702,CRZ059
CRZ702,CRZ058
CRZ702,CRZ147
CRZ702,CRZ066
CRZ702,CRZ052
CRZ702,CRZ278
CRZ702,CRZ067
CRZ702,CRZ146
CRZ702,CRZ276
CRZ703,CRZ697
CRZ703,CRZ148
CRZ703,CRZ068
CRZ703,CRZ053
CRZ703,CRZ086
CRZ703,CRZ697
CRZ703,CRZ070
CRZ703,CRZ069
CRZ703,CRZ079
CRZ703,CRZ078
CRZ703,CRZ149
CRZ703,CRZ088
CRZ703,CRZ087
CRZ703,CRZ060
CRZ703,CRZ280
CRZ703,CRZ279
CRZ703,CRZ061
CRZ705,CRZ813
CRZ705,CRZ376
CRZ705,CRZ297
CRZ705,CRZ324
CRZ705,CRZ364
CRZ706,CRZ813
CRZ706,CRZ298
CRZ706,CRZ326
CRZ706,CRZ350
CRZ706,CRZ378
CRZ706,CRZ325
CRZ706,CRZ377
CRZ706,CRZ311
CRZ707,CRZ699
CRZ707,CRZ054
CRZ707,CRZ307
CRZ707,CRZ071
CRZ707,CRZ281
CRZ707,CRZ062
CRZ707,CRZ288
CRZ707,CRZ080
CRZ707,CRZ090
CRZ707,CRZ355
CRZ707,CRZ089
CRZ707,CRZ371
CRZ707,CRZ072
CRZ707,CRZ341
CRZ707,CRZ282
CRZ716,CRZ363
CRZ716,CRZ373
CRZ716,CRZ342
CRZ716,CRZ357
CRZ716,CRZ360
CRZ716,CRZ286
CRZ716,CRZ308
CRZ716,CRZ344
CRZ716,CRZ323
CRZ716,CRZ362
CRZ716,CRZ295
CRZ716,CRZ374
CRZ716,CRZ356
CRZ716,CRZ359
CRZ716,CRZ375
CRZ716,CRZ343
CRZ716,CRZ388
CRZ716,CRZ348
CRZ716,CRZ322
CRZ716,CRZ283
CRZ716,CRZ292
CRZ716,CRZ345
CRZ716,CRZ287
CRZ716,CRZ321
CRZ716,CRZ346
CRZ716,CRZ349
CRZ716,CRZ319
CRZ716,CRZ285
CRZ716,CRZ284
CRZ716,CRZ291
CRZ716,CRZ390
CRZ716,CRZ361
CRZ716,CRZ310
CRZ716,CRZ293
CRZ716,CRZ290
CRZ716,CRZ372
CRZ716,CRZ289
CRZ716,CRZ347
CRZ716,CRZ296
CRZ716,CRZ358
CRZ716,CRZ309
CRZ716,CRZ320
CRZ716,CRZ294
CRZ716,CRZ389
CRZ717,CRZ705
CRZ720,CRZ365
CRZ720,CRZ379
CRZ720,CRZ150
CRZ722,CRZ328
CRZ722,CRZ327
CRZ722,CRZ299
CRZ723,CRZ724
CRZ723,CRZ366
CRZ723,CRZ313
CRZ723,CRZ332
CRZ723,CRZ381
CRZ723,CRZ383
CRZ723,CRZ330
CRZ723,CRZ301
CRZ723,CRZ314
CRZ723,CRZ331
CRZ723,CRZ367
CRZ723,CRZ382
CRZ723,CRZ302
CRZ730,CRZ725
CRZ730,CRZ392
CRZ732,CRZ729
CRZ732,CRZ154
CRZ732,CRZ393
CRZ735,CRZ395
CRZ742,CRZ738
CRZ742,CRZ396
CRZ744,CRZ398
CRZ744,CRZ156
CRZ745,CRZ746
CRZ745,CRZ612
CRZ745,CRZ399
CRZ745,CRZ400
CRZ753,CRZ414
CRZ753,CRZ159
CRZ753,CRZ618
CRZ753,CRZ411
CRZ753,CRZ173
CRZ753,CRZ412
CRZ753,CRZ413
CRZ755,CRZ415
CRZ755,CRZ430
CRZ755,CRZ418
CRZ755,CRZ619
CRZ755,CRZ620
CRZ755,CRZ161
CRZ755,CRZ175
CRZ755,CRZ417
CRZ755,CRZ416
CRZ755,CRZ422
CRZ755,CRZ420
CRZ755,CRZ176
CRZ755,CRZ429
CRZ755,CRZ160
CRZ755,CRZ419
CRZ755,CRZ428
CRZ755,CRZ421
CRZ763,CRZ757
CRZ763,CRZ162
CRZ763,CRZ423
CRZ763,CRZ424
CRZ763,CRZ431
CRZ765,CRZ764
CRZ765,CRZ432
CRZ765,CRZ177
CRZ767,CRZ764
CRZ767,CRZ621
CRZ767,CRZ178
CRZ767,CRZ163
CRZ767,CRZ425
CRZ773,CRZ772
CRZ773,CRZ436
CRZ773,CRZ165
CRZ773,CRZ622
CRZ773,CRZ164
CRZ773,CRZ435
CRZ773,CRZ180
CRZ773,CRZ434
CRZ773,CRZ179
CRZ781,CRZ780
CRZ781,CRZ456
CRZ781,CRZ461
CRZ781,CRZ448
CRZ781,CRZ167
CRZ781,CRZ458
CRZ781,CRZ460
CRZ781,CRZ452
CRZ781,CRZ455
CRZ781,CRZ454
CRZ781,CRZ453
CRZ781,CRZ451
CRZ781,CRZ459
CRZ781,CRZ457
CRZ781,CRZ449
CRZ781,CRZ450
CRZ786,CRZ464
CRZ786,CRZ465
CRZ786,CRZ462
CRZ786,CRZ463
CRZ786,CRZ468
CRZ786,CRZ466
CRZ791,CRZ486
CRZ791,CRZ494
CRZ791,CRZ495
CRZ791,CRZ604
CRZ791,CRZ493
CRZ791,CRZ482
CRZ791,CRZ473
CRZ791,CRZ478
CRZ791,CRZ480
CRZ791,CRZ600
CRZ791,CRZ606
CRZ791,CRZ483
CRZ791,CRZ611
CRZ791,CRZ602
CRZ791,CRZ484
CRZ791,CRZ599
CRZ791,CRZ476
CRZ791,CRZ603
CRZ791,CRZ169
CRZ791,CRZ605
CRZ791,CRZ487
CRZ791,CRZ474
CRZ791,CRZ491
CRZ791,CRZ485
CRZ791,CRZ608
CRZ791,CRZ601
CRZ791,CRZ490
CRZ791,CRZ609
CRZ791,CRZ475
CRZ791,CRZ184
CRZ791,CRZ172
CRZ791,CRZ171
CRZ791,CRZ489
CRZ791,CRZ477
CRZ791,CRZ492
CRZ791,CRZ607
CRZ791,CRZ610
CRZ791,CRZ170
CRZ791,CRZ479
CRZ791,CRZ481
CRZ791,CRZ168
CRZ791,CRZ497
CRZ791,CRZ488
CRZ801,CRZ817
CRZ801,CRZ576
CRZ801,CRZ577
CRZ801,CRZ578
CRZ801,CRZ579
CRZ802,CRZ799
CRZ802,CRZ522
CRZ802,CRZ510
CRZ802,CRZ520
CRZ802,CRZ511
CRZ802,CRZ512
CRZ802,CRZ518
CRZ802,CRZ519
CRZ803,CRZ801
CRZ804,CRZ580
CRZ804,CRZ581
CRZ808,CRZ807
CRZ815,CRZ799
CRZ818,CRZ799
CRZ818,CRZ546
MARZ100,MARZ003
