ZONE,ABOVE_ZONE
CRZ004,CRZ003
CRZ005,CRZ004
CRZ006,CRZ001
CRZ008,CRZ007
CRZ009,CRZ008
CRZ010,CRZ009
CRZ011,CRZ010
CRZ012,CRZ011
CRZ013,CRZ012
CRZ014,CRZ013
CRZ015,CRZ014
CRZ016,CRZ015
CRZ017,CRZ016
CRZ018,CRZ017
CRZ019,CRZ018
CRZ020,CRZ019
CRZ021,CRZ020
CRZ022,CRZ116
CRZ024,CRZ021
CRZ025,CRZ024
CRZ026,CRZ025
CRZ027,CRZ026
CRZ028,CRZ027
CRZ029,CRZ028
CRZ030,CRZ029
CRZ031,CRZ030
CRZ032,CRZ031
CRZ033,CRZ032
CRZ034,CRZ033
CRZ035,CRZ034
CRZ036,CRZ035
CRZ037,CRZ036
CRZ038,CRZ037
CRZ039,CRZ038
CRZ040,CRZ039
CRZ041,CRZ040
CRZ042,CRZ041
CRZ043,CRZ042
CRZ044,CRZ043
CRZ045,CRZ044
CRZ046,CRZ045
CRZ047,CRZ046
CRZ048,CRZ047
CRZ049,CRZ048
CRZ051,CRZ050
CRZ052,CRZ051
CRZ053,CRZ052
CRZ054,CRZ053
CRZ055,CRZ049
CRZ056,CRZ055
CRZ057,CRZ056
CRZ058,CRZ057
CRZ059,CRZ058
CRZ060,CRZ059
CRZ061,CRZ060
CRZ062,CRZ061
CRZ064,CRZ063
CRZ074,CRZ073
CRZ075,CRZ074
CRZ076,CRZ075
CRZ077,CRZ076
CRZ078,CRZ077
CRZ079,CRZ078
CRZ080,CRZ079
CRZ082,CRZ081
CRZ083,CRZ082
CRZ084,CRZ083
CRZ085,CRZ084
CRZ086,CRZ085
CRZ087,CRZ086
CRZ088,CRZ087
CRZ089,CRZ088
CRZ090,CRZ276
CRZ091,CRZ006
CRZ092,CRZ091
CRZ093,CRZ092
CRZ094,CRZ093
CRZ095,CRZ094
CRZ096,CRZ095
CRZ097,CRZ096
CRZ098,CRZ097
CRZ099,CRZ098
CRZ100,CRZ099
CRZ102,CRZ100
CRZ103,CRZ101
CRZ104,CRZ102
CRZ105,CRZ103
CRZ106,CRZ105
CRZ107,CRZ106
CRZ108,CRZ113
CRZ108,CRZ107
CRZ109,CRZ104
CRZ110,CRZ109
CRZ111,CRZ110
CRZ112,CRZ111
CRZ113,CRZ108
CRZ115,CRZ114
CRZ118,CRZ117
CRZ119,CRZ118
CRZ120,CRZ119
CRZ121,CRZ120
CRZ122,CRZ121
CRZ123,CRZ122
CRZ124,CRZ123
CRZ125,CRZ124
CRZ126,CRZ125
CRZ127,CRZ126
CRZ128,CRZ127
CRZ129,CRZ128
CRZ130,CRZ129
CRZ131,CRZ130
CRZ132,CRZ131
CRZ133,CRZ132
CRZ134,CRZ133
CRZ135,CRZ134
CRZ136,CRZ135
CRZ137,CRZ136
CRZ138,CRZ137
CRZ139,CRZ138
CRZ140,CRZ139
CRZ141,CRZ140
CRZ142,CRZ141
CRZ143,CRZ142
CRZ144,CRZ143
CRZ145,CRZ144
CRZ146,CRZ145
CRZ147,CRZ146
CRZ148,CRZ147
CRZ149,CRZ148
CRZ150,CRZ149
CRZ151,CRZ150
CRZ152,CRZ151
CRZ153,CRZ152
CRZ154,CRZ153
CRZ155,CRZ154
CRZ156,CRZ155
CRZ157,CRZ402
CRZ158,CRZ157
CRZ159,CRZ158
CRZ160,CRZ159
CRZ161,CRZ160
CRZ162,CRZ161
CRZ163,CRZ162
CRZ164,CRZ163
CRZ165,CRZ164
CRZ166,CRZ165
CRZ167,CRZ166
CRZ168,CRZ167
CRZ169,CRZ479
CRZ170,CRZ474
CRZ171,CRZ168
CRZ172,CRZ184
CRZ174,CRZ173
CRZ175,CRZ174
CRZ176,CRZ175
CRZ177,CRZ176
CRZ178,CRZ177
CRZ179,CRZ178
CRZ180,CRZ179
CRZ181,CRZ180
CRZ182,CRZ181
CRZ183,CRZ182
CRZ184,CRZ183
CRZ185,CRZ115
CRZ186,CRZ185
CRZ187,CRZ186
CRZ188,CRZ187
CRZ189,CRZ188
CRZ190,CRZ189
CRZ191,CRZ190
CRZ192,CRZ191
CRZ193,CRZ192
CRZ194,CRZ022
CRZ195,CRZ194
CRZ196,CRZ112
CRZ197,CRZ193
CRZ198,CRZ197
CRZ199,CRZ198
CRZ200,CRZ199
CRZ201,CRZ200
CRZ202,CRZ201
CRZ203,CRZ202
CRZ204,CRZ203
CRZ205,CRZ204
CRZ206,CRZ205
CRZ207,CRZ195
CRZ208,CRZ206
CRZ209,CRZ208
CRZ210,CRZ209
CRZ211,CRZ210
CRZ212,CRZ211
CRZ213,CRZ207
CRZ214,CRZ212
CRZ215,CRZ214
CRZ216,CRZ215
CRZ217,CRZ216
CRZ218,CRZ217
CRZ219,CRZ218
CRZ220,CRZ219
CRZ221,CRZ220
CRZ222,CRZ221
CRZ223,CRZ222
CRZ224,CRZ223
CRZ225,CRZ224
CRZ226,CRZ225
CRZ227,CRZ226
CRZ228,CRZ227
CRZ229,CRZ228
CRZ230,CRZ213
CRZ231,CRZ196
CRZ232,CRZ229
CRZ233,CRZ232
CRZ234,CRZ233
CRZ235,CRZ234
CRZ236,CRZ235
CRZ237,CRZ236
CRZ238,CRZ237
CRZ239,CRZ238
CRZ240,CRZ239
CRZ241,CRZ240
CRZ242,CRZ241
CRZ243,CRZ231
CRZ244,CRZ242
CRZ245,CRZ244
CRZ246,CRZ245
CRZ247,CRZ246
CRZ248,CRZ247
CRZ249,CRZ248
CRZ250,CRZ249
CRZ251,CRZ250
CRZ252,CRZ251
CRZ253,CRZ230
CRZ254,CRZ243
CRZ255,CRZ252
CRZ255,CRZ256
CRZ256,CRZ257
CRZ256,CRZ255
CRZ257,CRZ258
CRZ258,CRZ259
CRZ259,CRZ253
CRZ261,CRZ260
CRZ262,CRZ262
CRZ263,CRZ261
CRZ265,CRZ263
CRZ266,CRZ265
CRZ267,CRZ266
CRZ268,CRZ267
CRZ269,CRZ268
CRZ270,CRZ269
CRZ271,CRZ270
CRZ272,CRZ271
CRZ273,CRZ272
CRZ274,CRZ273
CRZ275,CRZ274
CRZ276,CRZ264
CRZ277,CRZ275
CRZ278,CRZ277
CRZ279,CRZ278
CRZ280,CRZ279
CRZ281,CRZ280
CRZ282,CRZ281
CRZ283,CRZ282
CRZ284,CRZ283
CRZ285,CRZ284
CRZ286,CRZ285
CRZ287,CRZ286
CRZ288,CRZ054
CRZ289,CRZ288
CRZ290,CRZ289
CRZ291,CRZ290
CRZ292,CRZ291
CRZ293,CRZ292
CRZ294,CRZ293
CRZ295,CRZ294
CRZ296,CRZ295
CRZ297,CRZ296
CRZ298,CRZ297
CRZ299,CRZ298
CRZ300,CRZ299
CRZ301,CRZ300
CRZ302,CRZ301
CRZ303,CRZ302
CRZ304,CRZ303
CRZ305,CRZ304
CRZ306,CRZ305
CRZ307,CRZ062
CRZ308,CRZ307
CRZ309,CRZ308
CRZ310,CRZ309
CRZ311,CRZ310
CRZ312,CRZ311
CRZ313,CRZ312
CRZ314,CRZ313
CRZ315,CRZ314
CRZ316,CRZ315
CRZ317,CRZ316
CRZ318,CRZ317
CRZ319,CRZ071
CRZ320,CRZ319
CRZ321,CRZ320
CRZ322,CRZ321
CRZ323,CRZ322
CRZ324,CRZ323
CRZ325,CRZ324
CRZ326,CRZ325
CRZ327,CRZ326
CRZ328,CRZ327
CRZ329,CRZ328
CRZ330,CRZ329
CRZ331,CRZ330
CRZ332,CRZ331
CRZ333,CRZ332
CRZ334,CRZ333
CRZ335,CRZ334
CRZ336,CRZ335
CRZ337,CRZ336
CRZ338,CRZ337
CRZ339,CRZ338
CRZ340,CRZ339
CRZ341,CRZ080
CRZ342,CRZ341
CRZ343,CRZ342
CRZ344,CRZ343
CRZ345,CRZ344
CRZ346,CRZ345
CRZ347,CRZ346
CRZ348,CRZ347
CRZ349,CRZ348
CRZ350,CRZ349
CRZ351,CRZ350
CRZ352,CRZ352
CRZ353,CRZ351
CRZ354,CRZ353
CRZ355,CRZ089
CRZ356,CRZ355
CRZ357,CRZ356
CRZ358,CRZ357
CRZ359,CRZ358
CRZ360,CRZ359
CRZ361,CRZ360
CRZ362,CRZ361
CRZ363,CRZ362
CRZ364,CRZ363
CRZ365,CRZ364
CRZ366,CRZ365
CRZ367,CRZ366
CRZ368,CRZ367
CRZ369,CRZ368
CRZ370,CRZ369
CRZ371,CRZ072
CRZ372,CRZ371
CRZ373,CRZ372
CRZ374,CRZ373
CRZ375,CRZ374
CRZ376,CRZ375
CRZ377,CRZ376
CRZ378,CRZ377
CRZ379,CRZ378
CRZ380,CRZ379
CRZ381,CRZ380
CRZ382,CRZ381
CRZ383,CRZ382
CRZ384,CRZ383
CRZ385,CRZ384
CRZ386,CRZ385
CRZ387,CRZ386
CRZ388,CRZ090
CRZ389,CRZ388
CRZ390,CRZ389
CRZ391,CRZ390
CRZ392,CRZ387
CRZ393,CRZ392
CRZ394,CRZ393
CRZ395,CRZ394
CRZ396,CRZ395
CRZ397,CRZ396
CRZ398,CRZ391
CRZ399,CRZ397
CRZ400,CRZ398
CRZ402,CRZ156
CRZ403,CRZ401
CRZ404,CRZ400
CRZ405,CRZ399
CRZ406,CRZ405
CRZ407,CRZ370
CRZ408,CRZ404
CRZ409,CRZ406
CRZ410,CRZ409
CRZ411,CRZ410
CRZ412,CRZ408
CRZ413,CRZ412
CRZ414,CRZ411
CRZ415,CRZ414
CRZ416,CRZ413
CRZ417,CRZ407
CRZ418,CRZ417
CRZ419,CRZ415
CRZ421,CRZ340
CRZ422,CRZ420
CRZ423,CRZ429
CRZ425,CRZ423
CRZ426,CRZ425
CRZ427,CRZ442
CRZ428,CRZ419
CRZ429,CRZ418
CRZ430,CRZ416
CRZ431,CRZ428
CRZ432,CRZ431
CRZ433,CRZ432
CRZ434,CRZ433
CRZ435,CRZ434
CRZ437,CRZ436
CRZ438,CRZ437
CRZ439,CRZ438
CRZ440,CRZ430
CRZ441,CRZ435
CRZ442,CRZ424
CRZ443,CRZ441
CRZ445,CRZ440
CRZ446,CRZ443
CRZ447,CRZ427
CRZ448,CRZ446
CRZ449,CRZ448
CRZ450,CRZ439
CRZ451,CRZ444
CRZ452,CRZ451
CRZ453,CRZ450
CRZ454,CRZ453
CRZ455,CRZ452
CRZ456,CRZ445
CRZ457,CRZ456
CRZ458,CRZ449
CRZ459,CRZ447
CRZ460,CRZ426
CRZ461,CRZ458
CRZ462,CRZ455
CRZ463,CRZ462
CRZ464,CRZ454
CRZ465,CRZ457
CRZ466,CRZ463
CRZ467,CRZ466
CRZ467,CRZ464
CRZ468,CRZ461
CRZ470,CRZ469
CRZ471,CRZ470
CRZ472,CRZ471
CRZ473,CRZ472
CRZ474,CRZ473
CRZ475,CRZ467
CRZ476,CRZ465
CRZ477,CRZ468
CRZ478,CRZ476
CRZ479,CRZ475
CRZ480,CRZ169
CRZ481,CRZ478
CRZ482,CRZ459
CRZ484,CRZ483
CRZ485,CRZ484
CRZ486,CRZ485
CRZ487,CRZ486
CRZ488,CRZ487
CRZ490,CRZ460
CRZ491,CRZ482
CRZ492,CRZ477
CRZ493,CRZ481
CRZ494,CRZ170
CRZ494,CRZ480
CRZ495,CRZ171
CRZ496,CRZ497
CRZ497,CRZ494
CRZ498,CRZ493
CRZ499,CRZ609
CRZ500,CRZ608
CRZ501,CRZ503
CRZ502,CRZ499
CRZ503,CRZ488
CRZ504,CRZ489
CRZ505,CRZ490
CRZ506,CRZ491
CRZ507,CRZ506
CRZ508,CRZ498
CRZ509,CRZ504
CRZ510,CRZ500
CRZ511,CRZ501
CRZ512,CRZ509
CRZ512,CRZ505
CRZ513,CRZ598
CRZ514,CRZ510
CRZ515,CRZ511
CRZ516,CRZ512
CRZ517,CRZ518
CRZ518,CRZ507
CRZ519,CRZ502
CRZ520,CRZ521
CRZ521,CRZ508
CRZ522,CRZ542
CRZ523,CRZ545
CRZ524,CRZ543
CRZ525,CRZ522
CRZ526,CRZ562
CRZ527,CRZ563
CRZ528,CRZ564
CRZ529,CRZ565
CRZ530,CRZ566
CRZ531,CRZ523
CRZ532,CRZ520
CRZ533,CRZ525
CRZ534,CRZ526
CRZ535,CRZ527
CRZ536,CRZ528
CRZ537,CRZ529
CRZ538,CRZ530
CRZ539,CRZ544
CRZ540,CRZ555
CRZ541,CRZ496
CRZ542,CRZ541
CRZ543,CRZ547
CRZ544,CRZ548
CRZ546,CRZ557
CRZ547,CRZ495
CRZ549,CRZ172
CRZ552,CRZ551
CRZ553,CRZ549
CRZ554,CRZ553
CRZ555,CRZ554
CRZ556,CRZ550
CRZ557,CRZ552
CRZ559,CRZ560
CRZ560,CRZ561
CRZ562,CRZ524
CRZ563,CRZ531
CRZ564,CRZ539
CRZ565,CRZ540
CRZ566,CRZ546
CRZ567,CRZ519
CRZ568,CRZ517
CRZ568,CRZ583
CRZ569,CRZ515
CRZ570,CRZ513
CRZ571,CRZ597
CRZ572,CRZ595
CRZ574,CRZ573
CRZ575,CRZ572
CRZ576,CRZ575
CRZ577,CRZ571
CRZ578,CRZ570
CRZ579,CRZ569
CRZ580,CRZ577
CRZ581,CRZ578
CRZ582,CRZ579
CRZ583,CRZ593
CRZ584,CRZ582
CRZ585,CRZ581
CRZ586,CRZ580
CRZ587,CRZ585
CRZ588,CRZ584
CRZ589,CRZ567
CRZ590,CRZ534
CRZ591,CRZ536
CRZ592,CRZ538
CRZ593,CRZ516
CRZ595,CRZ594
CRZ596,CRZ607
CRZ597,CRZ606
CRZ598,CRZ596
CRZ600,CRZ599
CRZ601,CRZ600
CRZ602,CRZ601
CRZ603,CRZ602
CRZ604,CRZ603
CRZ605,CRZ604
CRZ606,CRZ605
CRZ607,CRZ610
CRZ608,CRZ611
CRZ609,CRZ492
CRZ612,CRZ318
CRZ613,CRZ612
CRZ614,CRZ613
CRZ615,CRZ614
CRZ616,CRZ615
CRZ617,CRZ616
CRZ618,CRZ617
CRZ619,CRZ618
CRZ620,CRZ619
CRZ621,CRZ620
CRZ622,CRZ621
CRZ626,CRZ625
CRZ627,CRZ626
CRZ628,CRZ627
CRZ629,CRZ812
CRZ632,CRZ631
CRZ634,CRZ629
CRZ635,CRZ632
CRZ636,CRZ633
CRZ637,CRZ636
CRZ638,CRZ637
CRZ639,CRZ634
CRZ640,CRZ635
CRZ641,CRZ628
CRZ642,CRZ641
CRZ643,CRZ642
CRZ644,CRZ639
CRZ645,CRZ644
CRZ646,CRZ643
CRZ647,CRZ646
CRZ648,CRZ645
CRZ649,CRZ648
CRZ650,CRZ649
CRZ651,CRZ650
CRZ652,CRZ647
CRZ654,CRZ652
CRZ655,CRZ654
CRZ656,CRZ809
CRZ657,CRZ640
CRZ657,CRZ213
CRZ658,CRZ656
CRZ659,CRZ655
CRZ660,CRZ659
CRZ661,CRZ660
CRZ662,CRZ661
CRZ663,CRZ662
CRZ664,CRZ657
CRZ664,CRZ230
CRZ665,CRZ663
CRZ666,CRZ658
CRZ667,CRZ666
CRZ669,CRZ638
CRZ669,CRZ254
CRZ670,CRZ665
CRZ671,CRZ669
CRZ672,CRZ670
CRZ674,CRZ664
CRZ675,CRZ667
CRZ676,CRZ675
CRZ677,CRZ676
CRZ678,CRZ672
CRZ680,CRZ678
CRZ682,CRZ680
CRZ683,CRZ671
CRZ684,CRZ674
CRZ685,CRZ682
CRZ692,CRZ677
CRZ693,CRZ685
CRZ694,CRZ693
CRZ696,CRZ692
CRZ697,CRZ696
CRZ699,CRZ697
CRZ700,CRZ694
CRZ701,CRZ702
CRZ701,CRZ700
CRZ702,CRZ701
CRZ703,CRZ703
CRZ705,CRZ683
CRZ706,CRZ705
CRZ707,CRZ703
CRZ716,CRZ707
CRZ717,CRZ716
CRZ718,CRZ699
CRZ719,CRZ717
CRZ720,CRZ719
CRZ722,CRZ684
CRZ723,CRZ706
CRZ724,CRZ813
CRZ725,CRZ724
CRZ725,CRZ306
CRZ729,CRZ725
CRZ730,CRZ720
CRZ732,CRZ730
CRZ735,CRZ732
CRZ738,CRZ814
CRZ742,CRZ735
CRZ744,CRZ742
CRZ745,CRZ744
CRZ746,CRZ738
CRZ747,CRZ746
CRZ748,CRZ747
CRZ749,CRZ748
CRZ750,CRZ749
CRZ751,CRZ750
CRZ752,CRZ751
CRZ753,CRZ745
CRZ754,CRZ752
CRZ755,CRZ753
CRZ756,CRZ754
CRZ756,CRZ620
CRZ757,CRZ756
CRZ763,CRZ755
CRZ764,CRZ757
CRZ765,CRZ763
CRZ767,CRZ765
CRZ772,CRZ764
CRZ773,CRZ767
CRZ777,CRZ772
CRZ777,CRZ622
CRZ778,CRZ777
CRZ778,CRZ780
CRZ780,CRZ778
CRZ781,CRZ773
CRZ784,CRZ783
CRZ786,CRZ781
CRZ787,CRZ784
CRZ788,CRZ787
CRZ791,CRZ786
CRZ791,CRZ723
CRZ791,CRZ169
CRZ791,CRZ494
CRZ791,CRZ172
CRZ791,CRZ171
CRZ791,CRZ497
CRZ791,CRZ184
CRZ791,CRZ170
CRZ796,CRZ788
CRZ796,CRZ490
CRZ796,CRZ489
CRZ796,CRZ607
CRZ796,CRZ606
CRZ796,CRZ609
CRZ796,CRZ488
CRZ796,CRZ608
CRZ797,CRZ796
CRZ799,CRZ797
CRZ799,CRZ503
CRZ799,CRZ595
CRZ799,CRZ597
CRZ799,CRZ598
CRZ799,CRZ500
CRZ799,CRZ510
CRZ800,CRZ799
CRZ800,CRZ513
CRZ801,CRZ722
CRZ801,CRZ516
CRZ801,CRZ515
CRZ801,CRZ501
CRZ801,CRZ502
CRZ801,CRZ504
CRZ801,CRZ507
CRZ801,CRZ505
CRZ801,CRZ517
CRZ801,CRZ506
CRZ802,CRZ791
CRZ802,CRZ552
CRZ802,CRZ560
CRZ802,CRZ556
CRZ802,CRZ550
CRZ802,CRZ559
CRZ802,CRZ557
CRZ802,CRZ554
CRZ802,CRZ558
CRZ802,CRZ553
CRZ802,CRZ561
CRZ802,CRZ555
CRZ802,CRZ549
CRZ802,CRZ551
CRZ803,CRZ818
CRZ803,CRZ539
CRZ803,CRZ546
CRZ803,CRZ540
CRZ804,CRZ514
CRZ804,CRZ570
CRZ805,CRZ817
CRZ805,CRZ804
CRZ805,CRZ574
CRZ805,CRZ580
CRZ805,CRZ572
CRZ805,CRZ581
CRZ805,CRZ578
CRZ805,CRZ571
CRZ805,CRZ577
CRZ805,CRZ575
CRZ805,CRZ576
CRZ806,CRZ805
CRZ806,CRZ585
CRZ807,CRZ801
CRZ807,CRZ806
CRZ807,CRZ579
CRZ807,CRZ587
CRZ807,CRZ586
CRZ807,CRZ588
CRZ808,CRZ803
CRZ808,CRZ815
CRZ808,CRZ533
CRZ808,CRZ536
CRZ808,CRZ537
CRZ808,CRZ538
CRZ808,CRZ534
CRZ808,CRZ532
CRZ808,CRZ592
CRZ808,CRZ591
CRZ808,CRZ535
CRZ808,CRZ590
CRZ809,CRZ651
CRZ811,CRZ810
CRZ812,CRZ811
CRZ813,CRZ718
CRZ814,CRZ729
CRZ817,CRZ800
CRZ818,CRZ802
MARZ001,MARZ004
