ZONE,RIGHT_ZONE
CRZ001,CRZ625
CRZ002,CRZ625
CRZ002,CRZ006
CRZ003,CRZ625
CRZ004,CRZ625
CRZ005,CRZ625
CRZ006,CRZ625
CRZ006,CRZ003
CRZ007,CRZ625
CRZ007,CRZ091
CRZ008,CRZ625
CRZ008,CRZ092
CRZ009,CRZ096
CRZ010,CRZ627
CRZ010,CRZ099
CRZ011,CRZ628
CRZ011,CRZ100
CRZ012,CRZ106
CRZ013,CRZ631
CRZ013,CRZ113
CRZ014,CRZ633
CRZ015,CRZ635
CRZ015,CRZ187
CRZ016,CRZ635
CRZ016,CRZ188
CRZ017,CRZ636
CRZ017,CRZ022
CRZ018,CRZ636
CRZ018,CRZ019
CRZ019,CRZ636
CRZ019,CRZ020
CRZ020,CRZ636
CRZ020,CRZ021
CRZ021,CRZ636
CRZ021,CRZ190
CRZ022,CRZ636
CRZ023,CRZ636
CRZ023,CRZ189
CRZ024,CRZ647
CRZ026,CRZ652
CRZ026,CRZ205
CRZ027,CRZ654
CRZ027,CRZ207
CRZ029,CRZ216
CRZ030,CRZ660
CRZ034,CRZ663
CRZ034,CRZ226
CRZ035,CRZ229
CRZ036,CRZ234
CRZ037,CRZ236
CRZ038,CRZ238
CRZ039,CRZ240
CRZ040,CRZ665
CRZ041,CRZ247
CRZ043,CRZ252
CRZ044,CRZ678
CRZ044,CRZ259
CRZ045,CRZ674
CRZ045,CRZ261
CRZ046,CRZ671
CRZ048,CRZ682
CRZ048,CRZ267
CRZ049,CRZ694
CRZ049,CRZ143
CRZ050,CRZ694
CRZ051,CRZ700
CRZ051,CRZ055
CRZ052,CRZ702
CRZ052,CRZ066
CRZ053,CRZ703
CRZ053,CRZ068
CRZ054,CRZ707
CRZ054,CRZ062
CRZ055,CRZ700
CRZ055,CRZ063
CRZ056,CRZ701
CRZ056,CRZ074
CRZ057,CRZ702
CRZ057,CRZ075
CRZ058,CRZ702
CRZ058,CRZ076
CRZ059,CRZ702
CRZ059,CRZ077
CRZ060,CRZ703
CRZ060,CRZ078
CRZ061,CRZ703
CRZ061,CRZ079
CRZ062,CRZ707
CRZ062,CRZ079
CRZ063,CRZ700
CRZ063,CRZ073
CRZ064,CRZ701
CRZ064,CRZ082
CRZ065,CRZ702
CRZ065,CRZ083
CRZ066,CRZ702
CRZ066,CRZ084
CRZ067,CRZ702
CRZ067,CRZ085
CRZ068,CRZ703
CRZ068,CRZ086
CRZ069,CRZ703
CRZ069,CRZ087
CRZ070,CRZ703
CRZ070,CRZ088
CRZ071,CRZ707
CRZ071,CRZ080
CRZ072,CRZ707
CRZ072,CRZ090
CRZ073,CRZ700
CRZ073,CRZ081
CRZ074,CRZ701
CRZ075,CRZ702
CRZ076,CRZ702
CRZ076,CRZ276
CRZ077,CRZ702
CRZ077,CRZ278
CRZ078,CRZ703
CRZ078,CRZ279
CRZ079,CRZ703
CRZ079,CRZ280
CRZ080,CRZ707
CRZ080,CRZ089
CRZ081,CRZ700
CRZ081,CRZ144
CRZ082,CRZ701
CRZ082,CRZ145
CRZ083,CRZ697
CRZ083,CRZ274
CRZ084,CRZ697
CRZ084,CRZ275
CRZ085,CRZ702
CRZ085,CRZ147
CRZ086,CRZ703
CRZ086,CRZ148
CRZ087,CRZ703
CRZ088,CRZ703
CRZ088,CRZ149
CRZ089,CRZ707
CRZ089,CRZ072
CRZ090,CRZ707
CRZ090,CRZ281
CRZ091,CRZ625
CRZ091,CRZ004
CRZ092,CRZ625
CRZ092,CRZ005
CRZ093,CRZ625
CRZ094,CRZ625
CRZ097,CRZ626
CRZ098,CRZ627
CRZ100,CRZ628
CRZ102,CRZ103
CRZ108,CRZ641
CRZ108,CRZ109
CRZ109,CRZ641
CRZ110,CRZ641
CRZ111,CRZ641
CRZ112,CRZ642
CRZ113,CRZ641
CRZ113,CRZ110
CRZ114,CRZ641
CRZ114,CRZ111
CRZ115,CRZ642
CRZ116,CRZ642
CRZ116,CRZ185
CRZ117,CRZ642
CRZ118,CRZ642
CRZ119,CRZ643
CRZ123,CRZ654
CRZ124,CRZ655
CRZ126,CRZ660
CRZ129,CRZ663
CRZ132,CRZ665
CRZ135,CRZ670
CRZ136,CRZ678
CRZ137,CRZ680
CRZ140,CRZ685
CRZ141,CRZ693
CRZ142,CRZ694
CRZ143,CRZ694
CRZ144,CRZ700
CRZ145,CRZ701
CRZ146,CRZ702
CRZ147,CRZ702
CRZ148,CRZ703
CRZ149,CRZ703
CRZ150,CRZ720
CRZ154,CRZ732
CRZ156,CRZ744
CRZ159,CRZ753
CRZ159,CRZ173
CRZ160,CRZ755
CRZ161,CRZ755
CRZ162,CRZ763
CRZ163,CRZ767
CRZ164,CRZ773
CRZ164,CRZ179
CRZ165,CRZ773
CRZ167,CRZ781
CRZ168,CRZ791
CRZ168,CRZ184
CRZ169,CRZ791
CRZ170,CRZ791
CRZ170,CRZ171
CRZ171,CRZ791
CRZ171,CRZ172
CRZ172,CRZ791
CRZ173,CRZ753
CRZ175,CRZ755
CRZ176,CRZ755
CRZ177,CRZ765
CRZ178,CRZ767
CRZ179,CRZ773
CRZ180,CRZ773
CRZ184,CRZ791
CRZ185,CRZ642
CRZ185,CRZ177
CRZ186,CRZ633
CRZ187,CRZ118
CRZ188,CRZ636
CRZ189,CRZ636
CRZ190,CRZ637
CRZ191,CRZ638
CRZ194,CRZ646
CRZ194,CRZ197
CRZ195,CRZ647
CRZ195,CRZ198
CRZ196,CRZ646
CRZ197,CRZ646
CRZ198,CRZ647
CRZ199,CRZ647
CRZ200,CRZ121
CRZ203,CRZ122
CRZ204,CRZ652
CRZ205,CRZ652
CRZ206,CRZ654
CRZ206,CRZ123
CRZ207,CRZ654
CRZ208,CRZ654
CRZ209,CRZ655
CRZ210,CRZ655
CRZ211,CRZ655
CRZ214,CRZ659
CRZ216,CRZ660
CRZ217,CRZ660
CRZ218,CRZ660
CRZ218,CRZ126
CRZ219,CRZ661
CRZ222,CRZ662
CRZ226,CRZ663
CRZ226,CRZ129
CRZ230,CRZ232
CRZ232,CRZ231
CRZ240,CRZ131
CRZ243,CRZ665
CRZ244,CRZ665
CRZ244,CRZ243
CRZ253,CRZ670
CRZ253,CRZ255
CRZ254,CRZ670
CRZ254,CRZ135
CRZ255,CRZ670
CRZ255,CRZ254
CRZ257,CRZ672
CRZ258,CRZ678
CRZ258,CRZ136
CRZ259,CRZ678
CRZ259,CRZ258
CRZ260,CRZ678
CRZ261,CRZ678
CRZ263,CRZ680
CRZ264,CRZ265
CRZ265,CRZ138
CRZ266,CRZ682
CRZ267,CRZ682
CRZ268,CRZ683
CRZ270,CRZ685
CRZ271,CRZ685
CRZ271,CRZ140
CRZ272,CRZ693
CRZ273,CRZ694
CRZ275,CRZ702
CRZ276,CRZ702
CRZ277,CRZ702
CRZ278,CRZ702
CRZ279,CRZ703
CRZ280,CRZ703
CRZ281,CRZ707
CRZ282,CRZ707
CRZ283,CRZ716
CRZ284,CRZ716
CRZ285,CRZ716
CRZ286,CRZ716
CRZ287,CRZ716
CRZ288,CRZ707
CRZ288,CRZ341
CRZ289,CRZ716
CRZ289,CRZ319
CRZ290,CRZ716
CRZ290,CRZ343
CRZ291,CRZ716
CRZ291,CRZ344
CRZ292,CRZ716
CRZ292,CRZ345
CRZ293,CRZ716
CRZ293,CRZ346
CRZ294,CRZ716
CRZ294,CRZ347
CRZ295,CRZ716
CRZ295,CRZ322
CRZ296,CRZ716
CRZ296,CRZ310
CRZ297,CRZ705
CRZ297,CRZ324
CRZ298,CRZ706
CRZ299,CRZ722
CRZ299,CRZ327
CRZ300,CRZ351
CRZ301,CRZ723
CRZ301,CRZ330
CRZ302,CRZ723
CRZ302,CRZ332
CRZ303,CRZ334
CRZ304,CRZ368
CRZ305,CRZ352
CRZ306,CRZ318
CRZ307,CRZ707
CRZ307,CRZ342
CRZ308,CRZ716
CRZ308,CRZ320
CRZ309,CRZ716
CRZ309,CRZ347
CRZ310,CRZ716
CRZ310,CRZ323
CRZ311,CRZ706
CRZ311,CRZ350
CRZ313,CRZ723
CRZ313,CRZ366
CRZ314,CRZ723
CRZ315,CRZ353
CRZ318,CRZ340
CRZ319,CRZ716
CRZ320,CRZ716
CRZ320,CRZ372
CRZ321,CRZ716
CRZ321,CRZ373
CRZ322,CRZ716
CRZ322,CRZ348
CRZ323,CRZ716
CRZ323,CRZ349
CRZ324,CRZ705
CRZ324,CRZ376
CRZ325,CRZ706
CRZ325,CRZ377
CRZ326,CRZ706
CRZ326,CRZ378
CRZ327,CRZ722
CRZ327,CRZ379
CRZ328,CRZ722
CRZ328,CRZ380
CRZ330,CRZ723
CRZ330,CRZ381
CRZ331,CRZ723
CRZ331,CRZ382
CRZ332,CRZ723
CRZ332,CRZ383
CRZ333,CRZ367
CRZ337,CRZ385
CRZ339,CRZ369
CRZ340,CRZ354
CRZ341,CRZ707
CRZ341,CRZ355
CRZ342,CRZ716
CRZ342,CRZ356
CRZ343,CRZ716
CRZ343,CRZ357
CRZ344,CRZ716
CRZ344,CRZ358
CRZ345,CRZ716
CRZ345,CRZ359
CRZ346,CRZ716
CRZ346,CRZ360
CRZ347,CRZ716
CRZ347,CRZ361
CRZ348,CRZ716
CRZ348,CRZ362
CRZ349,CRZ716
CRZ349,CRZ363
CRZ350,CRZ706
CRZ350,CRZ150
CRZ351,CRZ151
CRZ352,CRZ386
CRZ353,CRZ384
CRZ354,CRZ370
CRZ355,CRZ707
CRZ355,CRZ371
CRZ356,CRZ716
CRZ356,CRZ388
CRZ357,CRZ716
CRZ357,CRZ383
CRZ358,CRZ716
CRZ358,CRZ384
CRZ359,CRZ716
CRZ359,CRZ385
CRZ360,CRZ716
CRZ360,CRZ386
CRZ361,CRZ716
CRZ361,CRZ389
CRZ362,CRZ716
CRZ362,CRZ374
CRZ363,CRZ716
CRZ363,CRZ390
CRZ364,CRZ705
CRZ365,CRZ720
CRZ366,CRZ723
CRZ367,CRZ723
CRZ370,CRZ387
CRZ371,CRZ707
CRZ371,CRZ282
CRZ372,CRZ716
CRZ373,CRZ716
CRZ374,CRZ716
CRZ375,CRZ716
CRZ375,CRZ390
CRZ376,CRZ705
CRZ377,CRZ706
CRZ377,CRZ150
CRZ378,CRZ706
CRZ379,CRZ720
CRZ381,CRZ723
CRZ381,CRZ361
CRZ382,CRZ723
CRZ383,CRZ723
CRZ384,CRZ152
CRZ387,CRZ391
CRZ388,CRZ716
CRZ389,CRZ716
CRZ389,CRZ287
CRZ390,CRZ716
CRZ391,CRZ153
CRZ392,CRZ730
CRZ393,CRZ732
CRZ393,CRZ154
CRZ395,CRZ735
CRZ396,CRZ742
CRZ398,CRZ744
CRZ398,CRZ156
CRZ399,CRZ745
CRZ399,CRZ400
CRZ400,CRZ745
CRZ404,CRZ403
CRZ405,CRZ404
CRZ406,CRZ157
CRZ407,CRZ409
CRZ409,CRZ408
CRZ411,CRZ753
CRZ411,CRZ159
CRZ412,CRZ753
CRZ413,CRZ753
CRZ414,CRZ753
CRZ415,CRZ755
CRZ416,CRZ755
CRZ417,CRZ755
CRZ417,CRZ416
CRZ418,CRZ755
CRZ418,CRZ160
CRZ419,CRZ755
CRZ420,CRZ755
CRZ420,CRZ161
CRZ421,CRZ755
CRZ421,CRZ429
CRZ422,CRZ755
CRZ422,CRZ423
CRZ423,CRZ763
CRZ424,CRZ763
CRZ424,CRZ422
CRZ425,CRZ767
CRZ427,CRZ443
CRZ428,CRZ755
CRZ428,CRZ176
CRZ429,CRZ755
CRZ429,CRZ428
CRZ430,CRZ755
CRZ431,CRZ763
CRZ431,CRZ162
CRZ432,CRZ765
CRZ434,CRZ773
CRZ435,CRZ773
CRZ435,CRZ436
CRZ436,CRZ773
CRZ439,CRZ181
CRZ440,CRZ439
CRZ441,CRZ440
CRZ442,CRZ441
CRZ445,CRZ444
CRZ446,CRZ445
CRZ447,CRZ446
CRZ448,CRZ781
CRZ449,CRZ781
CRZ449,CRZ450
CRZ450,CRZ781
CRZ451,CRZ781
CRZ452,CRZ781
CRZ453,CRZ781
CRZ454,CRZ781
CRZ454,CRZ455
CRZ455,CRZ781
CRZ456,CRZ781
CRZ456,CRZ453
CRZ457,CRZ781
CRZ457,CRZ454
CRZ458,CRZ781
CRZ458,CRZ456
CRZ459,CRZ781
CRZ459,CRZ458
CRZ460,CRZ781
CRZ460,CRZ452
CRZ461,CRZ781
CRZ461,CRZ183
CRZ462,CRZ786
CRZ463,CRZ786
CRZ464,CRZ786
CRZ465,CRZ786
CRZ465,CRZ466
CRZ466,CRZ786
CRZ467,CRZ469
CRZ468,CRZ786
CRZ468,CRZ465
CRZ473,CRZ791
CRZ474,CRZ791
CRZ475,CRZ791
CRZ475,CRZ474
CRZ476,CRZ791
CRZ476,CRZ475
CRZ477,CRZ791
CRZ477,CRZ476
CRZ478,CRZ791
CRZ478,CRZ479
CRZ479,CRZ791
CRZ479,CRZ168
CRZ480,CRZ791
CRZ480,CRZ170
CRZ481,CRZ791
CRZ481,CRZ169
CRZ482,CRZ791
CRZ482,CRZ478
CRZ483,CRZ791
CRZ483,CRZ482
CRZ484,CRZ791
CRZ484,CRZ481
CRZ485,CRZ791
CRZ485,CRZ480
CRZ486,CRZ791
CRZ487,CRZ791
CRZ488,CRZ791
CRZ488,CRZ489
CRZ489,CRZ791
CRZ489,CRZ490
CRZ490,CRZ791
CRZ490,CRZ491
CRZ491,CRZ791
CRZ491,CRZ492
CRZ492,CRZ791
CRZ492,CRZ493
CRZ493,CRZ791
CRZ493,CRZ494
CRZ494,CRZ791
CRZ494,CRZ495
CRZ495,CRZ791
CRZ497,CRZ791
CRZ499,CRZ498
CRZ500,CRZ503
CRZ501,CRZ502
CRZ502,CRZ542
CRZ503,CRZ504
CRZ504,CRZ505
CRZ505,CRZ506
CRZ506,CRZ508
CRZ507,CRZ521
CRZ508,CRZ541
CRZ509,CRZ522
CRZ510,CRZ802
CRZ510,CRZ511
CRZ511,CRZ802
CRZ511,CRZ512
CRZ512,CRZ802
CRZ512,CRZ518
CRZ513,CRZ514
CRZ514,CRZ515
CRZ515,CRZ516
CRZ516,CRZ517
CRZ518,CRZ802
CRZ518,CRZ519
CRZ519,CRZ802
CRZ519,CRZ520
CRZ520,CRZ802
CRZ521,CRZ545
CRZ522,CRZ802
CRZ523,CRZ543
CRZ524,CRZ531
CRZ525,CRZ526
CRZ526,CRZ527
CRZ527,CRZ528
CRZ528,CRZ529
CRZ529,CRZ530
CRZ531,CRZ539
CRZ532,CRZ533
CRZ533,CRZ534
CRZ534,CRZ535
CRZ535,CRZ536
CRZ536,CRZ537
CRZ537,CRZ538
CRZ539,CRZ540
CRZ541,CRZ547
CRZ542,CRZ543
CRZ543,CRZ544
CRZ544,CRZ553
CRZ545,CRZ554
CRZ546,CRZ818
CRZ547,CRZ548
CRZ548,CRZ549
CRZ549,CRZ550
CRZ550,CRZ551
CRZ552,CRZ561
CRZ553,CRZ552
CRZ554,CRZ560
CRZ555,CRZ556
CRZ556,CRZ557
CRZ557,CRZ558
CRZ558,CRZ559
CRZ562,CRZ563
CRZ563,CRZ564
CRZ564,CRZ565
CRZ565,CRZ566
CRZ567,CRZ562
CRZ568,CRZ525
CRZ570,CRZ569
CRZ571,CRZ570
CRZ572,CRZ571
CRZ573,CRZ572
CRZ574,CRZ575
CRZ576,CRZ801
CRZ576,CRZ577
CRZ577,CRZ801
CRZ577,CRZ578
CRZ578,CRZ801
CRZ578,CRZ579
CRZ579,CRZ801
CRZ580,CRZ804
CRZ580,CRZ581
CRZ581,CRZ804
CRZ581,CRZ582
CRZ582,CRZ593
CRZ584,CRZ583
CRZ585,CRZ584
CRZ586,CRZ587
CRZ587,CRZ588
CRZ588,CRZ589
CRZ589,CRZ590
CRZ590,CRZ591
CRZ591,CRZ592
CRZ594,CRZ596
CRZ595,CRZ598
CRZ597,CRZ501
CRZ598,CRZ500
CRZ599,CRZ791
CRZ599,CRZ584
CRZ600,CRZ791
CRZ600,CRZ485
CRZ601,CRZ791
CRZ601,CRZ611
CRZ602,CRZ791
CRZ602,CRZ607
CRZ603,CRZ791
CRZ603,CRZ607
CRZ604,CRZ791
CRZ605,CRZ791
CRZ606,CRZ791
CRZ607,CRZ791
CRZ607,CRZ608
CRZ608,CRZ791
CRZ608,CRZ609
CRZ609,CRZ791
CRZ610,CRZ791
CRZ611,CRZ791
CRZ612,CRZ745
CRZ612,CRZ399
CRZ613,CRZ407
CRZ614,CRZ158
CRZ615,CRZ617
CRZ616,CRZ415
CRZ618,CRZ753
CRZ618,CRZ413
CRZ619,CRZ755
CRZ619,CRZ160
CRZ620,CRZ755
CRZ621,CRZ767
CRZ621,CRZ163
CRZ622,CRZ773
CRZ622,CRZ164
CRZ629,CRZ631
CRZ634,CRZ632
CRZ635,CRZ636
CRZ638,CRZ643
CRZ639,CRZ633
CRZ644,CRZ640
CRZ644,CRZ646
CRZ651,CRZ652
CRZ651,CRZ654
CRZ657,CRZ659
CRZ658,CRZ662
CRZ658,CRZ660
CRZ658,CRZ661
CRZ667,CRZ669
CRZ675,CRZ674
CRZ675,CRZ678
CRZ677,CRZ683
CRZ692,CRZ684
CRZ692,CRZ693
CRZ692,CRZ685
CRZ697,CRZ703
CRZ697,CRZ700
CRZ697,CRZ701
CRZ697,CRZ703
CRZ697,CRZ702
CRZ699,CRZ707
CRZ705,CRZ717
CRZ724,CRZ723
CRZ725,CRZ730
CRZ729,CRZ732
CRZ738,CRZ742
CRZ746,CRZ745
CRZ757,CRZ763
CRZ764,CRZ767
CRZ764,CRZ765
CRZ772,CRZ773
CRZ780,CRZ781
CRZ799,CRZ802
CRZ799,CRZ818
CRZ799,CRZ815
CRZ801,CRZ803
CRZ807,CRZ808
CRZ813,CRZ706
CRZ813,CRZ705
CRZ817,CRZ801
MARZ002,MARZ001
MARZ100,MARZ002
